<?xml version="1.0" encoding="utf-8"?>
<config>
	<name>Premium Beat</name>
	<creationDate>29 February 2012</creationDate>
	<author>Arelowo Alao</author>
	<authorUrl>http://www.aretimes.com</authorUrl>
	<copyright>Are Times</copyright>
	<license>GNU/GPL</license>
	<version>1.0.0</version>
	<description>Player Customization</description>
	<params>
		<param name="skin" type="list" default="dewplayer" label="Skin" description="Skin Type">
			<option value="1">Skin 1</option>
			<option value="2">Skin 2</option>
			<option value="3">Skin 3</option>
			<option value="4">Skin 4</option>
			<option value="5">Skin 5</option>
		</param>
		<param name="color" type="text" default="#40ACC7" label="Color" />
	</params>
</config>