<?xml version="1.0" encoding="iso-8859-1"?>
<mosinstall type="component">
	<name>MaianMusic</name>
	<creationDate>09-26-2008</creationDate>
	<author>Arelowo Alao And David Bennett</author>
	<copyright>This component in released under the GNU/GPL License</copyright>
	<authorEmail>Alao@aretimes.com</authorEmail>
	<authorUrl>www.aretimes.com</authorUrl>
	<version>1.2.1</version>
	<description>mp3 music store system for Joomla</description>
<files>
<filename>error_log</filename>
<filename>maianmusic.html.php</filename>
<filename>maianmusic.php</filename>
<filename>readme.txt</filename>
<filename>robots.txt</filename>
<filename>classes/class.phpmailer.php</filename>
<filename>classes/class.smtp.php</filename>
<filename>classes/class_cart.inc.php</filename>
<filename>classes/class_generic.inc.php</filename>
<filename>classes/class_mail.inc.php</filename>
<filename>classes/class_paypal.inc.php</filename>
<filename>classes/class_rss.inc.php</filename>
<filename>classes/index.html</filename>
<filename>classes/PaginateIt.php</filename>
<filename>crypt/cryptographp.cfg.php</filename>
<filename>crypt/cryptographp.fct.php</filename>
<filename>crypt/cryptographp.inc.php</filename>
<filename>crypt/cryptographp.php</filename>
<filename>crypt/index.html</filename>
<filename>crypt/readme.txt</filename>
<filename>crypt/fonts/Alanden.txt</filename>
<filename>crypt/fonts/Alanden_.ttf</filename>
<filename>crypt/fonts/AOEFREE.TXT</filename>
<filename>crypt/fonts/bsurp___.ttf</filename>
<filename>crypt/fonts/ELECHA__.TTF</filename>
<filename>crypt/fonts/index.html</filename>
<filename>crypt/fonts/luggerbu.ttf</filename>
<filename>crypt/fonts/luggerbu.txt</filename>
<filename>crypt/fonts/RASCAL__.TTF</filename>
<filename>crypt/fonts/SCRAWL.TTF</filename>
<filename>crypt/fonts/scrawl.txt</filename>
<filename>crypt/fonts/WAVY.TTF</filename>
<filename>crypt/fonts/WAVY.TXT</filename>
<filename>crypt/images/erreur1.png</filename>
<filename>crypt/images/erreur2.png</filename>
<filename>crypt/images/erreur3.png</filename>
<filename>crypt/images/index.html</filename>
<filename>docs/history.txt</filename>
<filename>docs/licence.txt</filename>
<filename>docs/PlayerLicense.doc</filename>
<filename>docs/schematic/tables.sql</filename>
<filename>docs/setup/faq.html</filename>
<filename>docs/setup/index.html</filename>
<filename>docs/setup/installation.html</filename>
<filename>docs/setup/paypal.html</filename>
<filename>docs/setup/script_info.html</filename>
<filename>docs/setup/stylesheet.css</filename>
<filename>docs/setup/upgrade.html</filename>
<filename>docs/setup/images/curl.jpg</filename>
<filename>docs/setup/images/gd.jpg</filename>
<filename>docs/setup/images/index.html</filename>
<filename>docs/setup/images/logo.gif</filename>
<filename>docs/setup/images/menuTable_bg.gif</filename>
<filename>docs/setup/images/paypal/activate.gif</filename>
<filename>docs/setup/images/paypal/custom_payment.gif</filename>
<filename>docs/setup/images/paypal/ipn_click.gif</filename>
<filename>docs/setup/images/paypal/login.gif</filename>
<filename>docs/setup/images/paypal/payment_pref.gif</filename>
<filename>docs/setup/images/paypal/receiving_pref.gif</filename>
<filename>docs/setup/upgrade-mysql/version1_2.sql</filename>
<filename>greybox/AJS.js</filename>
<filename>greybox/AJS_fx.js</filename>
<filename>greybox/gb_scripts.js</filename>
<filename>greybox/gb_styles.css</filename>
<filename>greybox/g_close.gif</filename>
<filename>greybox/header_bg.gif</filename>
<filename>greybox/indicator.gif</filename>
<filename>greybox/loader_frame.html</filename>
<filename>greybox/next.gif</filename>
<filename>greybox/prev.gif</filename>
<filename>greybox/readme.txt</filename>
<filename>greybox/w_close.gif</filename>
<filename>images/controlpanel.png</filename>
<filename>images/media.png</filename>
<filename>images/add_section.png</filename>
<filename>images/edit.png</filename>
<filename>images/license.png</filename>
<filename>images/search_text.png</filename>
<filename>images/statistics.png</filename>
<filename>images/1_hl.gif</filename>
<filename>images/add_to_cart.gif</filename>
<filename>images/aremaian.png</filename>
<filename>images/bg.jpg</filename>
<filename>images/bgmboxbutton.gif</filename>
<filename>images/bg_button.gif</filename>
<filename>images/bg_button2.gif</filename>
<filename>images/bullet_over.png</filename>
<filename>images/bullet_static.png</filename>
<filename>images/cart_image.gif</filename>
<filename>images/contact_buyer.gif</filename>
<filename>images/credit-cards.gif</filename>
<filename>images/Dash.gif</filename>
<filename>images/delete.gif</filename>
<filename>images/donation.gif</filename>
<filename>images/edit.gif</filename>
<filename>images/grad.png</filename>
<filename>images/header.png</filename>
<filename>images/img4.gif</filename>
<filename>images/img5.gif</filename>
<filename>images/index.html</filename>
<filename>images/loading.gif</filename>
<filename>images/logo.gif</filename>
<filename>images/menuTable2_bg.gif</filename>
<filename>images/menuTable_bg.gif</filename>
<filename>images/more_info.png</filename>
<filename>images/move_down.gif</filename>
<filename>images/move_up.gif</filename>
<filename>images/no_picture.png</filename>
<filename>images/ok.gif</filename>
<filename>images/print.gif</filename>
<filename>images/search.png</filename>
<filename>images/shopping_cart.png</filename>
<filename>images/title_bg.gif</filename>
<filename>images/track_stats.gif</filename>
<filename>images/vertical_line.gif</filename>
<filename>images/vertical_line1.gif</filename>
<filename>images/view.gif</filename>
<filename>images/view2.gif</filename>
<filename>images/view_sale.gif</filename>
<filename>images/visions_of_a_better_life.png</filename>
<filename>images/cart/artwork.gif</filename>
<filename>images/cart/checkout.gif</filename>
<filename>images/cart/clear_cart.gif</filename>
<filename>images/cart/connecting.gif</filename>
<filename>images/cart/download.gif</filename>
<filename>images/cart/expired.gif</filename>
<filename>images/cart/index.html</filename>
<filename>images/cart/small_download.gif</filename>
<filename>images/cart/small_download2.gif</filename>
<filename>images/jukebox/1.jpg</filename>
<filename>images/jukebox/2.jpg</filename>
<filename>images/jukebox/3.jpg</filename>
<filename>images/jukebox/4.jpg</filename>
<filename>images/jukebox/body.jpg</filename>
<filename>images/jukebox/index.html</filename>
<filename>inc/footer.php</filename>
<filename>inc/functions.php</filename>
<filename>inc/header.php</filename>
<filename>inc/index.html</filename>
<filename>js/js_code.js</filename>
<filename>js/overlib.js</filename>
<filename>lang/english.php</filename>
<filename>lang/index.html</filename>
<filename>log/index.html</filename>
<filename>players/dewplayer-mini.swf</filename>
<filename>players/dewplayer-vol.swf</filename>
<filename>players/dewplayer.swf</filename>
<filename>players/mp3mini.swf</filename>
<filename>players/mp3players.php</filename>
<filename>players/player.swf</filename>
<filename>players/playerMini.swf</filename>
<filename>players/player_mp3.swf</filename>
<filename>players/singlemp3player.swf</filename>
<filename>players/swfobject.js</filename>
<filename>templates/about.tpl.php</filename>
<filename>templates/album.tpl.php</filename>
<filename>templates/cart.tpl.php</filename>
<filename>templates/contact.tpl.php</filename>
<filename>templates/download_item.tpl.php</filename>
<filename>templates/footer.tpl.php</filename>
<filename>templates/header.tpl.php</filename>
<filename>templates/home.tpl.php</filename>
<filename>templates/licence.tpl.php</filename>
<filename>templates/mm_stylesheet.css</filename>
<filename>templates/music.tpl.php</filename>
<filename>templates/README.txt</filename>
<filename>templates/rss_style.css</filename>
<filename>templates/search.tpl.php</filename>
<filename>templates/email/contact_auto.txt</filename>
<filename>templates/email/contact_message.txt</filename>
<filename>templates/email/index.html</filename>
<filename>templates/email/invalid_transaction.txt</filename>
<filename>templates/email/paypal_invalid.txt</filename>
<filename>templates/email/paypal_notify.txt</filename>
<filename>templates/email/paypal_pending.txt</filename>
<filename>templates/email/paypal_pending_auto.txt</filename>
<filename>templates/email/paypal_thanks.txt</filename>
<filename>templates/paypal/cancel.tpl.php</filename>
<filename>templates/paypal/checkout.tpl.php</filename>
<filename>templates/paypal/download.tpl.php</filename>
<filename>templates/paypal/error.tpl.php</filename>
<filename>templates/paypal/index.html</filename>
<filename>templates/paypal/thanks.tpl.php</filename>
<filename>templates/tpl_files/add_to_cart.html</filename>
<filename>templates/tpl_files/album_data.html</filename>
<filename>templates/tpl_files/album_tracks.html</filename>
<filename>templates/tpl_files/back_link.html</filename>
<filename>templates/tpl_files/captcha.html</filename>
<filename>templates/tpl_files/cart_buttons.html</filename>
<filename>templates/tpl_files/cart_item.html</filename>
<filename>templates/tpl_files/cart_items_header.html</filename>
<filename>templates/tpl_files/cart_total.html</filename>
<filename>templates/tpl_files/children.html</filename>
<filename>templates/tpl_files/download_item_album.html</filename>
<filename>templates/tpl_files/download_item_track.html</filename>
<filename>templates/tpl_files/download_window_album.html</filename>
<filename>templates/tpl_files/download_window_track.html</filename>
<filename>templates/tpl_files/empty_cart.html</filename>
<filename>templates/tpl_files/index.html</filename>
<filename>templates/tpl_files/li_tag.html</filename>
<filename>templates/tpl_files/message.html</filename>
<filename>templates/tpl_files/page_numbers.html</filename>
<filename>templates/tpl_files/tracks.html</filename>
</files>
<install>
<queries>
<query>DROP TABLE IF EXISTS  #__mm_albums;</query>
<query>CREATE TABLE `#__mm_albums` (
  `id` int(7) NOT NULL auto_increment,
  `artist` varchar(250) NOT NULL default '',
  `name` varchar(250) NOT NULL default '',
  `image` varchar(250) NOT NULL default '',
  `dimensions_height` varchar(250) NOT NULL,
  `dimensions_width` varchar(250) NOT NULL,
  `artwork` varchar(250) NOT NULL default '',
  `comments` mediumtext NOT NULL,
  `status` enum('0','1') NOT NULL default '0',
  `addDate` date NOT NULL default '0000-00-00',
  `keywords` mediumtext NOT NULL,
  `downloads` int(9) NOT NULL default '0',
  `hits` int(10) unsigned NOT NULL default '0',
  `rss_date` varchar(35) NOT NULL default '',
  `child` int(5) NOT NULL default '0',
  `parent` enum('0','1') NOT NULL default '1',
  `discount` varchar(20) NOT NULL default '0',
  PRIMARY KEY  (`id`)
) ENGINE=MyISAM  DEFAULT CHARSET=latin1 AUTO_INCREMENT=3;</query>
<query>DROP TABLE IF EXISTS #__mm_paypal;</query>
<query>CREATE TABLE `#__mm_paypal` (
  `id` int(9) NOT NULL auto_increment,
  `first_name` varchar(64) NOT NULL default '',
  `last_name` varchar(64) NOT NULL default '',
  `pay_date` date NOT NULL default '0000-00-00',
  `address` text NOT NULL,
  `email` varchar(127) NOT NULL default '',
  `memo` text NOT NULL,
  `payment_status` varchar(20) NOT NULL default '',
  `pending_reason` varchar(20) NOT NULL default '',
  `total` varchar(10) NOT NULL default '',
  `gross` varchar(10) NOT NULL default '',
  `fee` varchar(10) NOT NULL default '',
  `txn_id` varchar(17) NOT NULL default '',
  `invoice` varchar(64) NOT NULL default '',
  `visits` int(5) NOT NULL default '0',
  `download_code` char(50) NOT NULL default '',
  `cart_code` char(32) NOT NULL default '',
  `purchases` text NOT NULL,
  `active_cart` enum('0','1') NOT NULL default '0',
  `total_tracks` int(5) NOT NULL default '0',
  `total_albums` int(5) NOT NULL default '0',
  PRIMARY KEY  (`id`)
) ENGINE=MyISAM DEFAULT CHARSET=latin1 AUTO_INCREMENT=1;</query>
<query>DROP TABLE IF EXISTS  #__mm_purchases;</query>
<query>CREATE TABLE `#__mm_purchases` (
  `id` int(9) NOT NULL auto_increment,
  `cart_code` char(32) NOT NULL default '',
  `item_id` varchar(50) NOT NULL default '',
  `download_code` char(50) NOT NULL default '',
  `downloads` int(5) NOT NULL default '0',
  `track_id` int(10) NOT NULL default '0',
  PRIMARY KEY  (`id`)
) ENGINE=MyISAM DEFAULT CHARSET=latin1 AUTO_INCREMENT=1;</query>
<query>DROP TABLE IF EXISTS #__mm_settings;</query>
<query>CREATE TABLE `#__mm_settings` (
  `id` tinyint(1) NOT NULL auto_increment,
  `website_name` varchar(250) NOT NULL default '',
  `email_address` varchar(250) NOT NULL default '',
  `homepage_url` varchar(250) NOT NULL default '',
  `install_url` varchar(250) NOT NULL default '',
  `language` varchar(250) NOT NULL default '',
  `about` mediumtext NOT NULL,
  `licence` mediumtext NOT NULL,
  `music` mediumtext NOT NULL,
  `enable_captcha` enum('0','1') NOT NULL default '0',
  `mod_rewrite` enum('0','1') NOT NULL default '0',
  `mp3_path` varchar(250) NOT NULL default '',
  `preview_path` varchar(250) NOT NULL default '',
  `rssfeeds` int(3) NOT NULL default '0',
  `poplinks` int(3) NOT NULL default '10',
  `page_expiry` tinyint(2) NOT NULL default '0',
  `download_expiry` tinyint(2) NOT NULL default '0',
  `paypal_mode` enum('0','1') NOT NULL default '0',
  `paypal_currency` char(3) NOT NULL default 'GBP',
  `paypal_email` varchar(250) NOT NULL default '',
  `page_style` varchar(250) NOT NULL default '',
  `log_errors` enum('0','1') NOT NULL default '0',
  `ssl_enabled` enum('0','1') NOT NULL default '0',
  `smtp` enum('0','1') NOT NULL default '0',
  `smtp_host` varchar(100) NOT NULL default 'localhost',
  `smtp_user` varchar(100) NOT NULL default '',
  `smtp_pass` varchar(100) NOT NULL default '',
  `smtp_port` varchar(100) NOT NULL default '25',
  `player` int(11) NOT NULL default '1',
  `pdt` varchar(250) NOT NULL,
  `default_page` enum('0','1') NOT NULL default '0',
  PRIMARY KEY  (`id`)
) ENGINE=MyISAM  DEFAULT CHARSET=latin1 AUTO_INCREMENT=2;</query>
<query>DROP TABLE IF EXISTS #__mm_tracks;</query>
<query>CREATE TABLE `#__mm_tracks` (
  `id` int(9) NOT NULL auto_increment,
  `track_name` varchar(250) NOT NULL default '',
  `track_album` int(7) NOT NULL default '0',
  `mp3_path` varchar(250) NOT NULL default '',
  `preview_path` varchar(250) NOT NULL default '',
  `track_length` varchar(50) NOT NULL default '',
  `track_cost` varchar(5) NOT NULL default '',
  `track_single` enum('0','1') NOT NULL default '0',
  `addDate` date NOT NULL default '0000-00-00',
  `track_order` int(9) NOT NULL default '0',
  `downloads` int(9) NOT NULL default '0',
  PRIMARY KEY  (`id`)
) ENGINE=MyISAM  DEFAULT CHARSET=latin1 AUTO_INCREMENT=16;</query>
</queries>
</install>
<uninstall>
<queries>
<query>DROP TABLE IF EXISTS  `#__mm_albums`</query>
<query>DROP TABLE IF EXISTS `#__mm_paypal`</query>
<query>DROP TABLE IF EXISTS  `#__mm_purchases`</query>
<query>DROP TABLE IF EXISTS `#__mm_settings`</query>
<query>DROP TABLE IF EXISTS `#__mm_tracks`</query>
</queries>
</uninstall>
<installfile>install.maianmusic.php</installfile>
<uninstallfile>uninstall.maianmusic.php</uninstallfile>
<administration>
<menu>Maian Music</menu>
<submenu><menu link="option=com_maianmusic&amp;section=settings">Settings</menu>
<menu link="option=com_maianmusic&amp;section=albums">Manage Albums</menu>
<menu link="option=com_maianmusic&amp;section=add">Add New Tracks</menu>
<menu link="option=com_maianmusic&amp;section=tracks">Manage Tracks</menu>
<menu link="option=com_maianmusic&amp;section=sales">Sales</menu>
<menu link="option=com_maianmusic&amp;section=search">Search Sales</menu>
<menu link="option=com_maianmusic&amp;section=stats">Statistics</menu>
</submenu>
<files>
<filename>admin.maianmusic.html.php</filename>
<filename>admin.maianmusic.php</filename>
<filename>install.maianmusic.php</filename>
<filename>maianmusic.xml</filename>
<filename>stylesheet.css</filename>
<filename>uninstall.maianmusic.php</filename>
<filename>admin_classes/class.phpmailer.php</filename>
<filename>admin_classes/class.smtp.php</filename>
<filename>admin_classes/class_generic.inc.php</filename>
<filename>admin_classes/class_mail.inc.php</filename>
<filename>admin_classes/class_music.inc.php</filename>
<filename>admin_classes/class_sales.inc.php</filename>
<filename>admin_classes/class_settings.inc.php</filename>
<filename>admin_classes/graphs.inc.php</filename>
<filename>admin_classes/index.html</filename>
<filename>admin_classes/PaginateIt.php</filename>
<filename>admin_greybox/AJS.js</filename>
<filename>admin_greybox/AJS_fx.js</filename>
<filename>admin_greybox/gb_scripts.js</filename>
<filename>admin_greybox/gb_styles.css</filename>
<filename>admin_greybox/g_close.gif</filename>
<filename>admin_greybox/header_bg.gif</filename>
<filename>admin_greybox/indicator.gif</filename>
<filename>admin_greybox/loader_frame.html</filename>
<filename>admin_greybox/next.gif</filename>
<filename>admin_greybox/prev.gif</filename>
<filename>admin_greybox/readme.txt</filename>
<filename>admin_greybox/w_close.gif</filename>
<filename>admin_images/contact_buyer.gif</filename>
<filename>admin_images/delete.gif</filename>
<filename>admin_images/donation.gif</filename>
<filename>admin_images/edit.gif</filename>
<filename>admin_images/index.html</filename>
<filename>admin_images/logo.gif</filename>
<filename>admin_images/menuTable2_bg.gif</filename>
<filename>admin_images/menuTable_bg.gif</filename>
<filename>admin_images/move_down.gif</filename>
<filename>admin_images/move_up.gif</filename>
<filename>admin_images/ok.gif</filename>
<filename>admin_images/print.gif</filename>
<filename>admin_images/track_stats.gif</filename>
<filename>admin_images/view.gif</filename>
<filename>admin_images/view2.gif</filename>
<filename>admin_images/view_sale.gif</filename>
<filename>admin_inc/adminfooter.php</filename>
<filename>admin_inc/adminheader.php</filename>
<filename>admin_inc/cal_array.inc.php</filename>
<filename>admin_inc/currencies.inc.php</filename>
<filename>admin_inc/functions.php</filename>
<filename>admin_inc/index.html</filename>
<filename>admin_js/js_code.js</filename>
<filename>admin_js/overlib.js</filename>
<filename>data_files/add.php</filename>
<filename>data_files/albums.php</filename>
<filename>data_files/home.php</filename>
<filename>data_files/index.html</filename>
<filename>data_files/login.php</filename>
<filename>data_files/sales.php</filename>
<filename>data_files/search.php</filename>
<filename>data_files/settings.php</filename>
<filename>data_files/statistics.php</filename>
<filename>data_files/tracks.php</filename>
<filename>data_files/view_tracks.php</filename>
<filename>data_files/popup/contact_buyer.php</filename>
<filename>data_files/popup/index.html</filename>
<filename>data_files/popup/view_sale.php</filename>
</files>
</administration>
</mosinstall>