<?xml version="1.0" encoding="utf-8"?>
<config>
	<name>JPlayer</name>
	<creationDate>06 March 2012</creationDate>
	<author>Arelowo Alao</author>
	<authorUrl>http://jplayer.org//</authorUrl>
	<copyright>Happy Worm</copyright>
	<license>GNU/GPL</license>
	<version>1.0.0</version>
	<description>jPlayer is the completely free and open source (GPL/MIT) media library written in JavaScript. A jQuery plugin, jPlayer allows you to rapidly weave cross platform audio and video into your web pages. jPlayer's comprehensive API allows you to create innovative media solutions while support and encouragement is provided by jPlayer's active and growing community.</description>
	<params>
		<param name="skin" type="list" default="blue.monday" label="Skin" description="Css skin">	
			<option value="blue.monday">Blue Monday</option>
			<option value="circle.player">Circle Player</option>
			<option value="pink.flag">Pink Flag</option>
		</param>
		<param name="height" type="text" default="50" label="Height" />
	</params>
</config>