<?xml version="1.0" encoding="utf-8"?>
<config>
	<name>Zanorg MP3 Player</name>
	<creationDate>29 February 2012</creationDate>
	<author>Marc Wolf</author>
	<authorUrl>http://radio.zanorg.com/zplayer_eng.htm</authorUrl>
	<copyright>Zanorg</copyright>
	<license>GNU/GPL</license>
	<version>1.0.0</version>
	<description>Zanorg MP3 Player
	</description>
	<params>
		<param name="width" type="text" default="200" label="Width" />
		<param name="height" type="text" default="20" label="Height" />
		<param name="c1" type="text" default="e86217" label="Background Color" />
		<param name="c2" type="text" default="ffffff" label="Playbar Color" />
		<param name="c3" type="text" default="ffffff" label="Controls Color" />
	</params>
</config>