<?xml version="1.0" encoding="UTF-8"?>
<install type="module" version="1.5.0">
	<name>Maian Music All In One</name>
	<author>Alao</author>
	<version>1.3.0</version>
	<description><![CDATA[ 
     Item id fix provided by  <a href="http://aplusprint.com/">A Plus Printing and Web Design</a>	
	This module will display<br/>
	<ol>
	<li>Most Popular Albums</li>
	<li>Most Popular Songs</li>
	<li>Artist</li>
	</ol> ]]></description>
	<files>
		<filename module="mod_maianaio">mod_maianaio.php</filename>
		<filename>helper.php</filename>
		<filename>index.html</filename>
		<filename>tmpl/mm_module.css</filename>
		<filename>tmpl/default.php</filename>
		<filename>tmpl/dot.gif</filename>
		<filename>tmpl/index.html</filename>
		<filename>elements/index.html</filename>
		<filename>elements/artist.php</filename>
	</files>
	<params addpath="/modules/mod_maianaio/elements">
		<param name="moduleclass_sfx" type="text" default="" label="Module Class Suffix" description="PARAMMODULECLASSSUFFIX" />
		<param name="moduleclass_sfx" type="text" default="" label="Module Class Suffix" description="A suffix to be applied to the css class of the module (table.moduletable), this allows individual module styling" />
		<param name="count" type="text" default="10" label="Number of Data displayed" description="Choose how many data to be display"></param>
		<param name="alt_rows" type="text" default="" label="Alternate row color" description="Enter the hex color you want for every even row (i.e C6CEEF).  Leaving it blank will show no colors"></param>
		<param name="show_images" type="list" default="1" label="Show Images" description="Select to display images for list.">
			<option value="0">Yes</option>
			<option value="1">No</option>			
		</param>
		<param name="display_pic" type="list" default="1" label="Show Album Cover" description="Select to display album cover. Show images must be set to yes">
			<option value="0">Yes</option>
			<option value="1">No</option>			
		</param>
		<param name="width_thumbcb" type="text" default="32" label="Thumbnail Width" description="Thumbnail Width"></param>
		<param name="height_thumbcb" type="text" default="32" label="Thumbnail Height" description="Thumbnail Height"></param>
		<param name="moduletype" type="list" default="1" label="Module Function" description="Select module to be displayed">
			<option value="0">Most Popular Albums</option>
			<option value="1">Most Popular Songs</option>
			<option value="2">Albums by Artist</option>			
		</param>
		<param name="artist_name" type="artist" default="" label="Select Artist" description="Show albums for a single artist"/>
		<param name="orientation" type="list" default="1" label="Display" description="Select how you want to display the module">
			<option value="0">Horzontial</option>
			<option value="1">Vertical</option>			
		</param>	
		<param name="dots" type="list" default="1" label="Show dots" description="Select to seperate entires with bots">
			<option value="0">Yes</option>
			<option value="1">No</option>			
		</param>	
	</params>
</install>