<?xml version="1.0" encoding="UTF-8"?>
<mosinstall type="module">
	<name>Most Popular Music</name>
	<author>Alao</author>
	<creationDate>October 2008</creationDate>
	<copyright>All Rights Reserved</copyright>
	<license>http://www.gnu.org/copyleft/gpl.html GNU/GPL</license>
	<authorEmail>alao@aretimes.com</authorEmail>
	<authorUrl>http://www.AreTimes.com</authorUrl>
	<version>1.0</version>
	<description><![CDATA[  
	This module will display the most popular music from your store :<br/>
	<ol>
	<li>Most Popular Albums</li>
	<li>Most Popular Songs</li>
	</ol> ]]></description>
	<files>
		<filename module="mod_maianmusic">mod_maianmusic.php</filename>
		<filename module="mod_maianmusic">mod_maianmusic/mm_module.css</filename>
		<filename module="mod_maianmusic">mod_maianmusic/dot.gif</filename>
	</files>
	<params>
		<param name="moduleclass_sfx" type="text" default="" label="Module Class Suffix" description="A suffix to be applied to the css class of the module (table.moduletable), this allows individual module styling" />
		<param name="count" type="text" default="10" label="Number of Data displayed" description="Choose how many data to be display"></param>
		<param name="alt_rows" type="text" default="" label="Alternate row color" description="Enter the hex color you want for every even row (i.e C6CEEF).  Leaving it blank will show no colors"></param>
		<param name="show_images" type="list" default="1" label="Show Images" description="Select to display images for list.">
			<option value="0">Yes</option>
			<option value="1">No</option>			
		</param>
		<param name="display_pic" type="list" default="1" label="Show Album Cover" description="Select to display album cover. Show images must be set to yes">
			<option value="0">Yes</option>
			<option value="1">No</option>			
		</param>
		<param name="width_thumbcb" type="text" default="32" label="Thumbnail Width" description="Thumbnail Width"></param>
		<param name="height_thumbcb" type="text" default="32" label="Thumbnail Height" description="Thumbnail Height"></param>
		<param name="moduletype" type="list" default="1" label="Module Function" description="Select module to be displayed">
			<option value="0">Most Popular Albums</option>
			<option value="1">Most Popular Songs</option>			
		</param>
		<param name="orientation" type="list" default="1" label="Display" description="Select how you want to display the module">
			<option value="0">Horzontial</option>
			<option value="1">Vertical</option>			
		</param>	
		<param name="dots" type="list" default="1" label="Show dots" description="Select to seperate entires with bots">
			<option value="0">Yes</option>
			<option value="1">No</option>			
		</param>	
	</params>
</mosinstall>