<?xml version="1.0" encoding="UTF-8"?>
<install type="module" version="1.5.1" method="upgrade">
	<name>Maian Filter</name>
	<author>Alao</author>
	<version>1.0</version>
	<description><![CDATA[  
	This will display a dropdown of criteria in your store.  It selects distinct values from the specified fields in the album table
  ]]></description>
	<files>
		<filename module="mod_maianfilter">mod_maianfilter.php</filename>
		<filename>index.html</filename>
		<filename>tmpl/default.php</filename>
		<filename>tmpl/index.html</filename>
	</files>
	<params>
		<param name="moduleclass_sfx" type="text" default="" label="Module Class Suffix" description="A suffix to be applied to the css class of the module (table.moduletable), this allows individual module styling" />
	<param name="buttonclass_sfx" type="text" default="" label="Button Class Suffix" description="A suffix to be applied to the css class of the button, this allows individual button styling" />
	<param name="moduletype" type="list" default="1" label="Module Function" description="Select module to be displayed">
			<option value="0">Categories</option>
			<option value="1">Artist</option>	
			<option value="2">Keywords</option>			
	</param>
	<param name="search_view" type="list" default="1" label="Search View" description="Select how you want the search criteria to be displayed">
			<option value="0">Albums</option>
			<option value="1">Tracks</option>			
	</param>
	<param name="orderBy" type="list" default="ordering" label="Order By" description="Order in which to display.">
		<option value="ordering">Order By Custom</option>
		<option value="name-asc">Order By Name A-Z</option>
		<option value="name-desc">Order By Name Z-A</option>
	</param>
	</params>
</install>