<?xml version="1.0" encoding="utf-8"?>
<config>
	<name>Media Element Js</name>
	<creationDate>29 February 2012</creationDate>
	<author>Arelowo Alao</author>
	<authorUrl>http://mediaelementjs.com/</authorUrl>
	<license>GNU/GPL</license>
	<version>1.0.0</version>
	<description>
		Instead of offering an HTML5 player to modern browsers and a totally separate Flash player to older browsers, MediaElement.js upgrades them with custom Flash and Silverlight plugins that mimic the HTML5 MediaElement API.
		Magic happens, and then IE6-8 supports video and audio, Firefox and Opera support h.264, and Safari and IE9 support WebM (*if Adobe makes good on promises to support VP8 in Flash).
		Note that this player use jquery.  You will need to have a template that does not have Mootools or figure out a way to deactivate it.
	</description>
	<params>
		<param name="width" type="text" default="200" label="Width" />
		<param name="height" type="text" default="30" label="Height" />
		<param name="startVolume" type="text" default="0.8" label="Start Volume" />
	</params>
</config>