<?xml version="1.0" encoding="utf-8"?>
<config>
	<name>Single MP3 Player</name>
	<creationDate>29 February 2012</creationDate>
	<author>Arelowo Alao</author>
	<authorUrl>http://www.longtailvideo.com/players/jw-flv-player/</authorUrl>
	<copyright>Are Times</copyright>
	<license>GNU/GPL</license>
	<version>1.0.0</version>
	<description>This is an older version of the JWPlayer
	</description>
	<params>
		<param name="width" type="text" default="150" label="Width" />
		<param name="height" type="text" default="20" label="Height" />
		<param name="backColor" type="text" default="ffffff" label="Back Color" />
		<param name="frontColor" type="text" default="1a1a1a" label="Front Color" />
		<param name="trueVolume" type="text" default="90" label="Song Volume" />
	</params>
</config>