<?xml version="1.0" encoding="utf-8"?>
<install type="component" version="1.5.0">
	<name>Maian15</name>
	<author>Alao And David Bennet</author>
	<creationDate>06-01-2009</creationDate>
	<copyright>This component in released under the GNU/GPL</copyright>
	<license>http://www.gnu.org/licenses/gpl-2.0.html GNU/GPL</license>
	<authorEmail>Alao@aretimes.com</authorEmail>
	<authorUrl>www.aretimes.com</authorUrl>
	<version>1.4.3</version>
	<description>Simple Mp3 Music Store</description>
	<installfile>install.maian15.php</installfile>
	<uninstallfile>uninstall.maian15.php</uninstallfile>
	<install>
		<sql>
			<file driver="mysql" charset="utf8">install.mysql.sql</file>
		</sql>
	</install>
	<uninstall>
		<sql>
			<file driver="mysql" charset="utf8">uninstall.mysql.sql</file>
		</sql>
	</uninstall>
	<files folder="component">
		<filename>maian15.html.php</filename>
		<filename>maian15.php</filename>
		<filename>metadata.xml</filename>
		<filename>robots.txt</filename>
		<filename>ajax/ajax-loader.gif</filename>
		<filename>ajax/cartajax.js</filename>
		<filename>ajax/enlargeit.js</filename>
		<filename>ajax/enlargeit_source.js</filename>
		<filename>ajax/js_code.js</filename>
		<filename>ajax/Thumbs.db</filename>
		<filename>classes/class.phpmailer.php</filename>
		<filename>classes/class.smtp.php</filename>
		<filename>classes/class.stmp_validate.php</filename>
		<filename>classes/class_cart.inc.php</filename>
		<filename>classes/class_generic.inc.php</filename>
		<filename>classes/class_mail.inc.php</filename>
		<filename>classes/class_paypal.inc.php</filename>
		<filename>classes/class_rss.inc.php</filename>
		<filename>classes/index.html</filename>
		<filename>classes/PaginateIt.php</filename>
		<filename>controllers/base.php</filename>
		<filename>controllers/cart.php</filename>
		<filename>controllers/download.php</filename>
		<filename>controllers/paypal.php</filename>
		<filename>crypt/fonts/Alanden.txt</filename>
		<filename>crypt/fonts/Alanden_.ttf</filename>
		<filename>crypt/fonts/AOEFREE.TXT</filename>
		<filename>crypt/fonts/bsurp___.ttf</filename>
		<filename>crypt/fonts/ELECHA__.TTF</filename>
		<filename>crypt/fonts/index.html</filename>
		<filename>crypt/fonts/luggerbu.ttf</filename>
		<filename>crypt/fonts/luggerbu.txt</filename>
		<filename>crypt/fonts/RASCAL__.TTF</filename>
		<filename>crypt/fonts/SCRAWL.TTF</filename>
		<filename>crypt/fonts/scrawl.txt</filename>
		<filename>crypt/fonts/WAVY.TTF</filename>
		<filename>crypt/fonts/WAVY.TXT</filename>
		<filename>html/about.tpl.php</filename>
		<filename>html/album.tpl.php</filename>
		<filename>html/cart.tpl.php</filename>
		<filename>html/contact.tpl.php</filename>
		<filename>html/download_item.tpl.php</filename>
		<filename>html/footer.tpl.php</filename>
		<filename>html/free.tpl.php</filename>
		<filename>html/header.tpl.php</filename>
		<filename>html/home.tpl.php</filename>
		<filename>html/licence.tpl.php</filename>
		<filename>html/music.tpl.php</filename>
		<filename>html/search.tpl.php</filename>
		<filename>html/email/contact_auto.txt</filename>
		<filename>html/email/contact_message.txt</filename>
		<filename>html/email/index.html</filename>
		<filename>html/email/invalid_transaction.txt</filename>
		<filename>html/email/paypal_invalid.txt</filename>
		<filename>html/email/paypal_notify.txt</filename>
		<filename>html/email/paypal_pending.txt</filename>
		<filename>html/email/paypal_pending_auto.txt</filename>
		<filename>html/email/paypal_thanks.txt</filename>
		<filename>html/paypal/cancel.tpl.php</filename>
		<filename>html/paypal/checkout.tpl.php</filename>
		<filename>html/paypal/download.tpl.php</filename>
		<filename>html/paypal/error.tpl.php</filename>
		<filename>html/paypal/index.html</filename>
		<filename>html/paypal/thanks.tpl.php</filename>
		<filename>html/tpl/add_to_cart.html</filename>
		<filename>html/tpl/album_data.html</filename>
		<filename>html/tpl/album_tracks.html</filename>
		<filename>html/tpl/back_link.html</filename>
		<filename>html/tpl/captcha.html</filename>
		<filename>html/tpl/cart_buttons.html</filename>
		<filename>html/tpl/cart_item.html</filename>
		<filename>html/tpl/cart_items_header.html</filename>
		<filename>html/tpl/cart_total.html</filename>
		<filename>html/tpl/children.html</filename>
		<filename>html/tpl/download_item_album.html</filename>
		<filename>html/tpl/download_item_track.html</filename>
		<filename>html/tpl/download_window_album.html</filename>
		<filename>html/tpl/download_window_track.html</filename>
		<filename>html/tpl/empty_cart.html</filename>
		<filename>html/tpl/free_download.html</filename>
		<filename>html/tpl/index.html</filename>
		<filename>html/tpl/li_tag.html</filename>
		<filename>html/tpl/message.html</filename>
		<filename>html/tpl/page_numbers.html</filename>
		<filename>html/tpl/tracks.html</filename>
		<filename>images/thumb/about.png</filename>
		<filename>images/thumb/add.png</filename>
		<filename>images/thumb/albums.png</filename>
		<filename>images/thumb/cat.png</filename>
		<filename>images/thumb/record.png</filename>
		<filename>images/thumb/sales.png</filename>
		<filename>images/thumb/search_sales.png</filename>
		<filename>images/thumb/settings.png</filename>
		<filename>images/thumb/stats.png</filename>
		<filename>images/thumb/tools.png</filename>
		<filename>images/thumb/track.png</filename>
		<filename>inc/footer.php</filename>
		<filename>inc/functions.php</filename>
		<filename>inc/header.php</filename>
		<filename>inc/index.html</filename>
		<filename>lang/arabic.php</filename>
		<filename>lang/dutch.php</filename>
		<filename>lang/english.php</filename>
		<filename>lang/french.php</filename>
		<filename>lang/german.php</filename>
		<filename>lang/index.html</filename>
		<filename>lang/spanish.php</filename>
		<filename>lang/greek.php</filename>
		<filename>log/index.html</filename>
		<filename>log/paypal_errors.txt</filename>
		<filename>media/bramus/custom1_bar.gif</filename>
		<filename>media/bramus/custom1_box.gif</filename>
		<filename>media/bramus/percentImage.png</filename>
		<filename>media/bramus/percentImage_back.png</filename>
		<filename>media/bramus/percentImage_back1.png</filename>
		<filename>media/bramus/percentImage_back2.png</filename>
		<filename>media/bramus/percentImage_back3.png</filename>
		<filename>media/bramus/percentImage_back4.png</filename>
		<filename>media/bramus/Thumbs.db</filename>
		<filename>media/cart/addToCart.png</filename>
		<filename>media/cart/artwork.gif</filename>
		<filename>media/cart/checkout.gif</filename>
		<filename>media/cart/checkout.png</filename>
		<filename>media/cart/clear_cart.gif</filename>
		<filename>media/cart/connecting.gif</filename>
		<filename>media/cart/download.gif</filename>
		<filename>media/cart/expired.gif</filename>
		<filename>media/cart/free_download.png</filename>
		<filename>media/cart/index.html</filename>
		<filename>media/cart/no_single.png</filename>
		<filename>media/cart/removeFromCart.png</filename>
		<filename>media/cart/small_download.gif</filename>
		<filename>media/cart/small_download2.gif</filename>
		<filename>media/cart/Thumbs.db</filename>
		<filename>media/icons/1_hl.gif</filename>
		<filename>media/icons/add_section.png</filename>
		<filename>media/icons/add_to_cart.gif</filename>
		<filename>media/icons/aremaian.png</filename>
		<filename>media/icons/bg.jpg</filename>
		<filename>media/icons/bgmboxbutton.gif</filename>
		<filename>media/icons/bg_button.gif</filename>
		<filename>media/icons/bg_button2.gif</filename>
		<filename>media/icons/bullet_over.png</filename>
		<filename>media/icons/bullet_static.png</filename>
		<filename>media/icons/cart_image.gif</filename>
		<filename>media/icons/contact_buyer.gif</filename>
		<filename>media/icons/controlpanel.png</filename>
		<filename>media/icons/credit-cards.gif</filename>
		<filename>media/icons/Dash.gif</filename>
		<filename>media/icons/delete.gif</filename>
		<filename>media/icons/donation.gif</filename>
		<filename>media/icons/edit.gif</filename>
		<filename>media/icons/edit.png</filename>
		<filename>media/icons/get_flash_player.gif</filename>
		<filename>media/icons/grad.png</filename>
		<filename>media/icons/grad1.gif</filename>
		<filename>media/icons/header.png</filename>
		<filename>media/icons/hleft.png</filename>
		<filename>media/icons/hright.png</filename>
		<filename>media/icons/img4.gif</filename>
		<filename>media/icons/img5.gif</filename>
		<filename>media/icons/index.html</filename>
		<filename>media/icons/license.png</filename>
		<filename>media/icons/LICENSE.TXT</filename>
		<filename>media/icons/loader.gif</filename>
		<filename>media/icons/loading.gif</filename>
		<filename>media/icons/logo.gif</filename>
		<filename>media/icons/media.png</filename>
		<filename>media/icons/menuTable2_bg.gif</filename>
		<filename>media/icons/menuTable_bg.gif</filename>
		<filename>media/icons/minuscur.cur</filename>
		<filename>media/icons/minusmovecur.cur</filename>
		<filename>media/icons/mm_button_add.png</filename>
		<filename>media/icons/mm_button_goto_left.png</filename>
		<filename>media/icons/mm_button_left.png</filename>
		<filename>media/icons/more_info.png</filename>
		<filename>media/icons/move_down.gif</filename>
		<filename>media/icons/move_up.gif</filename>
		<filename>media/icons/no_picture.png</filename>
		<filename>media/icons/ok.gif</filename>
		<filename>media/icons/pluscur.cur</filename>
		<filename>media/icons/print.gif</filename>
		<filename>media/icons/search.png</filename>
		<filename>media/icons/search_text.png</filename>
		<filename>media/icons/shopping_cart.png</filename>
		<filename>media/icons/statistics.png</filename>
		<filename>media/icons/Thumbs.db</filename>
		<filename>media/icons/title_bg.gif</filename>
		<filename>media/icons/track_stats.gif</filename>
		<filename>media/icons/vertical_line.gif</filename>
		<filename>media/icons/vertical_line1.gif</filename>
		<filename>media/icons/view.gif</filename>
		<filename>media/icons/view2.gif</filename>
		<filename>media/icons/view_sale.gif</filename>
		<filename>media/jukebox/1.jpg</filename>
		<filename>media/jukebox/2.jpg</filename>
		<filename>media/jukebox/3.jpg</filename>
		<filename>media/jukebox/4.jpg</filename>
		<filename>media/jukebox/body.jpg</filename>
		<filename>media/jukebox/index.html</filename>
		<filename>media/jukebox/Thumbs.db</filename>
		<filename>media/thumb/about.png</filename>
		<filename>media/thumb/add.png</filename>
		<filename>media/thumb/albums.png</filename>
		<filename>media/thumb/cat.png</filename>
		<filename>media/thumb/record.png</filename>
		<filename>media/thumb/sales.png</filename>
		<filename>media/thumb/search_sales.png</filename>
		<filename>media/thumb/settings.png</filename>
		<filename>media/thumb/stats.png</filename>
		<filename>media/thumb/Thumbs.db</filename>
		<filename>media/thumb/tools.png</filename>
		<filename>media/thumb/track.png</filename>
		<filename>players/dewplayer-mini.swf</filename>
		<filename>players/dewplayer-vol.swf</filename>
		<filename>players/dewplayer.swf</filename>
		<filename>players/mp3mini.swf</filename>
		<filename>players/mp3players.php</filename>
		<filename>players/player.swf</filename>
		<filename>players/playerMini.swf</filename>
		<filename>players/player_mp3.swf</filename>
		<filename>players/singlemp3player.swf</filename>
		<filename>players/swfobject.js</filename>
		<filename>securimage/elephant.ttf</filename>
		<filename>securimage/index.html</filename>
		<filename>securimage/securimage.php</filename>
		<filename>securimage/securimage_show.php</filename>
		<filename>securimage/gdfonts/automatic.gdf</filename>
		<filename>securimage/gdfonts/bubblebath.gdf</filename>
		<filename>securimage/gdfonts/caveman.gdf</filename>
		<filename>securimage/gdfonts/crass.gdf</filename>
		<filename>securimage/gdfonts/index.html</filename>
		<filename>securimage/images/audio_icon.gif</filename>
		<filename>securimage/images/index.html</filename>
		<filename>securimage/images/refresh.gif</filename>
		<filename>securimage/words/index.html</filename>
		<filename>securimage/words/words.txt</filename>
		<filename>views/mm_stylesheet.css</filename>
		<filename>views/README.txt</filename>
		<filename>views/rss_style.css</filename>
		<filename>views/contact/metadata.xml</filename>
		<filename>views/freebie/metadata.xml</filename>
		<filename>views/licence/metadata.xml</filename>
		<filename>views/mostpop/metadata.xml</filename>
		<filename>views/music/metadata.xml</filename>
	</files>
	<administration>
		<menu img="../components/com_maian15/media/thumb/record.png">Maian Music 1.4</menu>
		<menu link="option=com_maian15">Maian15</menu>
		<submenu>
			<menu link="option=com_maian15&amp;task=about">About</menu>
			<menu link="option=com_maian15&amp;controller=settings&amp;view=settings">Settings</menu>
			<menu link="option=com_maian15&amp;controller=albums&amp;view=albums">Manage Albums</menu>
			<menu
				link="option=com_maian15&amp;controller=tracks&amp;view=track&amp;task=add">Add New Tracks</menu>
			<menu
				link="option=com_maian15&amp;controller=tracks&amp;view=tracks&amp;task=manage">Manage Tracks</menu>
			<menu link="option=com_maian15&amp;controller=sales&amp;view=sales">Sales</menu>
			<menu link="option=com_maian15&amp;controller=sales&amp;view=search">Search Sales</menu>
			<menu link="option=com_maian15&amp;controller=stats&amp;view=stats">Statistics</menu>
			<menu link="option=com_maian15&amp;task=tools">Tools</menu>
		</submenu>
		<files folder="admin">
			<filename>index.html</filename>
			<filename>install.mysql.sql</filename>
			<filename>maian15.php</filename>
			<filename>stylesheet.css</filename>
			<filename>uninstall.mysql.sql</filename>
			<filename>charts/open-flash-chart2DZ.swf</filename>
			<filename>charts/js/README.txt</filename>
			<filename>charts/js/swfobject.js</filename>
			<filename>charts/js/json/json2.js</filename>
			<filename>charts/php-ofc-library/JSON.php</filename>
			<filename>charts/php-ofc-library/json_format.php</filename>
			<filename>charts/php-ofc-library/ofc_area_base.php</filename>
			<filename>charts/php-ofc-library/ofc_area_hollow.php</filename>
			<filename>charts/php-ofc-library/ofc_area_line.php</filename>
			<filename>charts/php-ofc-library/ofc_bar.php</filename>
			<filename>charts/php-ofc-library/ofc_bar_3d.php</filename>
			<filename>charts/php-ofc-library/ofc_bar_base.php</filename>
			<filename>charts/php-ofc-library/ofc_bar_filled.php</filename>
			<filename>charts/php-ofc-library/ofc_bar_glass.php</filename>
			<filename>charts/php-ofc-library/ofc_bar_sketch.php</filename>
			<filename>charts/php-ofc-library/ofc_bar_stack.php</filename>
			<filename>charts/php-ofc-library/ofc_hbar.php</filename>
			<filename>charts/php-ofc-library/ofc_line.php</filename>
			<filename>charts/php-ofc-library/ofc_line_base.php</filename>
			<filename>charts/php-ofc-library/ofc_line_dot.php</filename>
			<filename>charts/php-ofc-library/ofc_line_hollow.php</filename>
			<filename>charts/php-ofc-library/ofc_line_style.php</filename>
			<filename>charts/php-ofc-library/ofc_pie.php</filename>
			<filename>charts/php-ofc-library/ofc_radar_axis.php</filename>
			<filename>charts/php-ofc-library/ofc_radar_axis_labels.php</filename>
			<filename>charts/php-ofc-library/ofc_radar_spoke_labels.php</filename>
			<filename>charts/php-ofc-library/ofc_scatter.php</filename>
			<filename>charts/php-ofc-library/ofc_scatter_line.php</filename>
			<filename>charts/php-ofc-library/ofc_shape.php</filename>
			<filename>charts/php-ofc-library/ofc_title.php</filename>
			<filename>charts/php-ofc-library/ofc_tooltip.php</filename>
			<filename>charts/php-ofc-library/ofc_upload_image.php</filename>
			<filename>charts/php-ofc-library/ofc_x_axis.php</filename>
			<filename>charts/php-ofc-library/ofc_x_axis_label.php</filename>
			<filename>charts/php-ofc-library/ofc_x_axis_labels.php</filename>
			<filename>charts/php-ofc-library/ofc_x_legend.php</filename>
			<filename>charts/php-ofc-library/ofc_y_axis.php</filename>
			<filename>charts/php-ofc-library/ofc_y_axis_base.php</filename>
			<filename>charts/php-ofc-library/ofc_y_axis_right.php</filename>
			<filename>charts/php-ofc-library/ofc_y_legend.php</filename>
			<filename>charts/php-ofc-library/open-flash-chart-object.php</filename>
			<filename>charts/php-ofc-library/open-flash-chart.php</filename>
			<filename>charts/php-ofc-library/README.txt</filename>
			<filename>controllers/albumsController.php</filename>
			<filename>controllers/defaultController.php</filename>
			<filename>controllers/index.html</filename>
			<filename>controllers/salesController.php</filename>
			<filename>controllers/settingsController.php</filename>
			<filename>controllers/statsController.php</filename>
			<filename>controllers/tracksController.php</filename>
			<filename>functions/cal_array.inc.php</filename>
			<filename>functions/class.image.php</filename>
			<filename>functions/common.php</filename>
			<filename>functions/config.php</filename>
			<filename>functions/currencies.inc.php</filename>
			<filename>functions/FileManager.php</filename>
			<filename>functions/functions.php</filename>
			<filename>functions/Image.php</filename>
			<filename>functions/index.html</filename>
			<filename>functions/manager.php</filename>
			<filename>functions/MimeTypes.ini</filename>
			<filename>functions/Snoopy.class.php</filename>
			<filename>functions/SolmetraUploader.php</filename>
			<filename>functions/Upload.php</filename>
			<filename>functions/URL.php</filename>
			<filename>functions/Assets/getid3/getid3.php</filename>
			<filename>functions/Assets/getid3/module.archive.gzip.php</filename>
			<filename>functions/Assets/getid3/module.archive.szip.php</filename>
			<filename>functions/Assets/getid3/module.archive.tar.php</filename>
			<filename>functions/Assets/getid3/module.archive.zip.php</filename>
			<filename>functions/Assets/getid3/module.audio-video.asf.php</filename>
			<filename>functions/Assets/getid3/module.audio-video.flv.php</filename>
			<filename>functions/Assets/getid3/module.audio-video.mpeg.php</filename>
			<filename>functions/Assets/getid3/module.audio-video.nsv.php</filename>
			<filename>functions/Assets/getid3/module.audio-video.quicktime.php</filename>
			<filename>functions/Assets/getid3/module.audio-video.real.php</filename>
			<filename>functions/Assets/getid3/module.audio-video.riff.php</filename>
			<filename>functions/Assets/getid3/module.audio-video.swf.php</filename>
			<filename>functions/Assets/getid3/module.audio.aac_adif.php</filename>
			<filename>functions/Assets/getid3/module.audio.aac_adts.php</filename>
			<filename>functions/Assets/getid3/module.audio.ac3.php</filename>
			<filename>functions/Assets/getid3/module.audio.au.php</filename>
			<filename>functions/Assets/getid3/module.audio.avr.php</filename>
			<filename>functions/Assets/getid3/module.audio.bonk.php</filename>
			<filename>functions/Assets/getid3/module.audio.dts.php</filename>
			<filename>functions/Assets/getid3/module.audio.la.php</filename>
			<filename>functions/Assets/getid3/module.audio.lpac.php</filename>
			<filename>functions/Assets/getid3/module.audio.midi.php</filename>
			<filename>functions/Assets/getid3/module.audio.monkey.php</filename>
			<filename>functions/Assets/getid3/module.audio.mp3.php</filename>
			<filename>functions/Assets/getid3/module.audio.mpc.php</filename>
			<filename>functions/Assets/getid3/module.audio.mpc_old.php</filename>
			<filename>functions/Assets/getid3/module.audio.optimfrog.php</filename>
			<filename>functions/Assets/getid3/module.audio.rkau.php</filename>
			<filename>functions/Assets/getid3/module.audio.shorten.php</filename>
			<filename>functions/Assets/getid3/module.audio.tta.php</filename>
			<filename>functions/Assets/getid3/module.audio.voc.php</filename>
			<filename>functions/Assets/getid3/module.audio.vqf.php</filename>
			<filename>functions/Assets/getid3/module.audio.wavpack.php</filename>
			<filename>functions/Assets/getid3/module.audio.xiph.php</filename>
			<filename>functions/Assets/getid3/module.graphic.bmp.php</filename>
			<filename>functions/Assets/getid3/module.graphic.gif.php</filename>
			<filename>functions/Assets/getid3/module.graphic.jpeg.php</filename>
			<filename>functions/Assets/getid3/module.graphic.pcd.php</filename>
			<filename>functions/Assets/getid3/module.graphic.png.php</filename>
			<filename>functions/Assets/getid3/module.graphic.tiff.php</filename>
			<filename>functions/Assets/getid3/module.lib.data_hash.php</filename>
			<filename>functions/Assets/getid3/module.lib.iconv_replacement.php</filename>
			<filename>functions/Assets/getid3/module.lib.image_size.php</filename>
			<filename>functions/Assets/getid3/module.misc.iso.php</filename>
			<filename>functions/Assets/getid3/module.tag.apetag.php</filename>
			<filename>functions/Assets/getid3/module.tag.id3v1.php</filename>
			<filename>functions/Assets/getid3/module.tag.id3v2.php</filename>
			<filename>functions/Assets/getid3/module.tag.lyrics3.php</filename>
			<filename>images/1.gif</filename>
			<filename>images/about.png</filename>
			<filename>images/aboutThumb.png</filename>
			<filename>images/add.png</filename>
			<filename>images/albums.png</filename>
			<filename>images/are_logo.png</filename>
			<filename>images/backup.png</filename>
			<filename>images/bgmboxbutton.gif</filename>
			<filename>images/calendar.jpg</filename>
			<filename>images/cat.png</filename>
			<filename>images/checkboxes.gif</filename>
			<filename>images/checked.gif</filename>
			<filename>images/checked_selected.gif</filename>
			<filename>images/closeicon.gif</filename>
			<filename>images/collapse.png</filename>
			<filename>images/contact_buyer.png</filename>
			<filename>images/donation.gif</filename>
			<filename>images/expand.png</filename>
			<filename>images/file.gif</filename>
			<filename>images/gadjets-hover.gif</filename>
			<filename>images/gadjets.gif</filename>
			<filename>images/horizontal-line.gif</filename>
			<filename>images/icon.css</filename>
			<filename>images/insert_table.png</filename>
			<filename>images/line.gif</filename>
			<filename>images/lineSelected.gif</filename>
			<filename>images/mootree_loader.gif</filename>
			<filename>images/move.png</filename>
			<filename>images/next.gif</filename>
			<filename>images/no-upload-manager.png</filename>
			<filename>images/no-upload.png</filename>
			<filename>images/openicon.gif</filename>
			<filename>images/prev.gif</filename>
			<filename>images/print.gif</filename>
			<filename>images/process.png</filename>
			<filename>images/record.png</filename>
			<filename>images/remove.png</filename>
			<filename>images/sales.png</filename>
			<filename>images/search_button.png</filename>
			<filename>images/search_sales.png</filename>
			<filename>images/stats.png</filename>
			<filename>images/systemsettings.png</filename>
			<filename>images/template.png</filename>
			<filename>images/tools.png</filename>
			<filename>images/tracks.png</filename>
			<filename>images/trackStats.png</filename>
			<filename>images/unchecked.gif</filename>
			<filename>images/unchecked_selected.gif</filename>
			<filename>images/update.png</filename>
			<filename>images/upload-manager.png</filename>
			<filename>images/upload.png</filename>
			<filename>images/view.png</filename>
			<filename>images/view2.png</filename>
			<filename>images/view_sale.png</filename>
			<filename>images/managerAssets/add.png</filename>
			<filename>images/managerAssets/bar.gif</filename>
			<filename>images/managerAssets/button.png</filename>
			<filename>images/managerAssets/button_disabled.png</filename>
			<filename>images/managerAssets/cancel.png</filename>
			<filename>images/managerAssets/checkbox.png</filename>
			<filename>images/managerAssets/destroy.png</filename>
			<filename>images/managerAssets/dewplayer.swf</filename>
			<filename>images/managerAssets/dialog.png</filename>
			<filename>images/managerAssets/disk.png</filename>
			<filename>images/managerAssets/filelist.png</filename>
			<filename>images/managerAssets/filelist_selected.png</filename>
			<filename>images/managerAssets/loader.gif</filename>
			<filename>images/managerAssets/menu.png</filename>
			<filename>images/managerAssets/progress.gif</filename>
			<filename>images/managerAssets/rename.png</filename>
			<filename>images/managerAssets/Swiff.Uploader.swf</filename>
			<filename>images/managerAssets/Icons/7z.png</filename>
			<filename>images/managerAssets/Icons/ace.png</filename>
			<filename>images/managerAssets/Icons/as.png</filename>
			<filename>images/managerAssets/Icons/bat.png</filename>
			<filename>images/managerAssets/Icons/bmp.png</filename>
			<filename>images/managerAssets/Icons/cmd.png</filename>
			<filename>images/managerAssets/Icons/default.png</filename>
			<filename>images/managerAssets/Icons/dir.png</filename>
			<filename>images/managerAssets/Icons/dir_up.png</filename>
			<filename>images/managerAssets/Icons/doc.png</filename>
			<filename>images/managerAssets/Icons/docx.png</filename>
			<filename>images/managerAssets/Icons/exe.png</filename>
			<filename>images/managerAssets/Icons/flv.png</filename>
			<filename>images/managerAssets/Icons/gif.png</filename>
			<filename>images/managerAssets/Icons/gz.png</filename>
			<filename>images/managerAssets/Icons/html.png</filename>
			<filename>images/managerAssets/Icons/ini.png</filename>
			<filename>images/managerAssets/Icons/iso.png</filename>
			<filename>images/managerAssets/Icons/jpeg.png</filename>
			<filename>images/managerAssets/Icons/jpg.png</filename>
			<filename>images/managerAssets/Icons/js.png</filename>
			<filename>images/managerAssets/Icons/lnk.png</filename>
			<filename>images/managerAssets/Icons/mp3.png</filename>
			<filename>images/managerAssets/Icons/odp.png</filename>
			<filename>images/managerAssets/Icons/ods.png</filename>
			<filename>images/managerAssets/Icons/odt.png</filename>
			<filename>images/managerAssets/Icons/pdf.png</filename>
			<filename>images/managerAssets/Icons/php.png</filename>
			<filename>images/managerAssets/Icons/png.png</filename>
			<filename>images/managerAssets/Icons/ppt.png</filename>
			<filename>images/managerAssets/Icons/rar.png</filename>
			<filename>images/managerAssets/Icons/rb.png</filename>
			<filename>images/managerAssets/Icons/sql.png</filename>
			<filename>images/managerAssets/Icons/swf.png</filename>
			<filename>images/managerAssets/Icons/tar.png</filename>
			<filename>images/managerAssets/Icons/wmv.png</filename>
			<filename>images/managerAssets/Icons/xls.png</filename>
			<filename>images/managerAssets/Icons/xlsx.png</filename>
			<filename>images/managerAssets/Icons/zip.png</filename>
			<filename>js/demos.js</filename>
			<filename>js/js_code.js</filename>
			<filename>js/loader.gif</filename>
			<filename>js/mif-tree-v1.2.6.js</filename>
			<filename>js/mootools-1.2.1.js</filename>
			<filename>js/mootools-compat-111-121.js</filename>
			<filename>js/mootools.js</filename>
			<filename>js/overlib.js</filename>
			<filename>js/request.js</filename>
			<filename>js/slider.js</filename>
			<filename>js/SolmetraUploader.js</filename>
			<filename>js/swfobject.js</filename>
			<filename>js/filemanager/Additions.js</filename>
			<filename>js/filemanager/FileManager.js</filename>
			<filename>js/filemanager/FileManager.TinyMCE.js</filename>
			<filename>js/filemanager/mootools-core.js</filename>
			<filename>js/filemanager/mootools-more.js</filename>
			<filename>js/filemanager/Uploader.js</filename>
			<filename>js/filemanager/Css/Additions.css</filename>
			<filename>js/filemanager/Css/FileManager.css</filename>
			<filename>js/filemanager/Language/Language.cs.js</filename>
			<filename>js/filemanager/Language/Language.da.js</filename>
			<filename>js/filemanager/Language/Language.de.js</filename>
			<filename>js/filemanager/Language/Language.en.js</filename>
			<filename>js/filemanager/Language/Language.es.js</filename>
			<filename>js/filemanager/Language/Language.fi.js</filename>
			<filename>js/filemanager/Language/Language.fr.js</filename>
			<filename>js/filemanager/Language/Language.se.js</filename>
			<filename>js/filemanager/Uploader/Fx.ProgressBar.js</filename>
			<filename>js/filemanager/Uploader/Swiff.Uploader.js</filename>
			<filename>models/album.php</filename>
			<filename>models/albums.php</filename>
			<filename>models/category.php</filename>
			<filename>models/index.html</filename>
			<filename>models/sales.php</filename>
			<filename>models/settings.php</filename>
			<filename>models/tracks.php</filename>
			<filename>tables/album.php</filename>
			<filename>tables/backup.php</filename>
			<filename>tables/category.php</filename>
			<filename>tables/index.html</filename>
			<filename>tables/paypal.php</filename>
			<filename>tables/purchases.php</filename>
			<filename>tables/settings.php</filename>
			<filename>tables/tracks.php</filename>
			<filename>uploader/config.php</filename>
			<filename>uploader/index.html</filename>
			<filename>uploader/SolmetraUploader.js</filename>
			<filename>uploader/SolmetraUploader.php</filename>
			<filename>uploader/swfobject.js</filename>
			<filename>uploader/upload.php</filename>
			<filename>uploader/uploader.swf</filename>
			<filename>uploader/uploader.xml</filename>
			<filename>uploader/tmp/index.html</filename>
			<filename>uploader/tmp/tmp/index.html</filename>
			<filename>uploader/tmp_uploads/revisions viewd.jpg</filename>
			<filename>views/index.html</filename>
			<filename>views/album/index.html</filename>
			<filename>views/album/view.html.php</filename>
			<filename>views/album/tmpl/form.php</filename>
			<filename>views/album/tmpl/index.html</filename>
			<filename>views/albums/index.html</filename>
			<filename>views/albums/view.html.php</filename>
			<filename>views/albums/tmpl/default.php</filename>
			<filename>views/albums/tmpl/index.html</filename>
			<filename>views/default/index.html</filename>
			<filename>views/default/view.html.php</filename>
			<filename>views/default/source/import_backup.php</filename>
			<filename>views/default/source/load_root.php</filename>
			<filename>views/default/source/load_tree.php</filename>
			<filename>views/default/source/run_backup.php</filename>
			<filename>views/default/source/run_download.php</filename>
			<filename>views/default/source/run_import.php</filename>
			<filename>views/default/source/run_update.php</filename>
			<filename>views/default/tmpl/about.php</filename>
			<filename>views/default/tmpl/backup_view.php</filename>
			<filename>views/default/tmpl/import_view.php</filename>
			<filename>views/default/tmpl/index.html</filename>
			<filename>views/default/tmpl/system_view.php</filename>
			<filename>views/default/tmpl/tools.php</filename>
			<filename>views/default/tmpl/update_view.php</filename>
			<filename>views/maian/index.html</filename>
			<filename>views/maian/view.html.php</filename>
			<filename>views/sales/index.html</filename>
			<filename>views/sales/view.html.php</filename>
			<filename>views/sales/tmpl/contact_buyer.php</filename>
			<filename>views/sales/tmpl/form.php</filename>
			<filename>views/sales/tmpl/index.html</filename>
			<filename>views/sales/tmpl/table.php</filename>
			<filename>views/sales/tmpl/view_sale.php</filename>
			<filename>views/search/index.html</filename>
			<filename>views/search/view.html.php</filename>
			<filename>views/search/tmpl/form.php</filename>
			<filename>views/search/tmpl/index.html</filename>
			<filename>views/settings/index.html</filename>
			<filename>views/settings/view.html.php</filename>
			<filename>views/settings/tmpl/form.php</filename>
			<filename>views/settings/tmpl/index.html</filename>
			<filename>views/stats/index.html</filename>
			<filename>views/stats/view.html.php</filename>
			<filename>views/stats/tmpl/form.php</filename>
			<filename>views/stats/tmpl/index.html</filename>
			<filename>views/tools/custom.php</filename>
			<filename>views/track/index.html</filename>
			<filename>views/track/view.html.php</filename>
			<filename>views/track/tmpl/default.php</filename>
			<filename>views/track/tmpl/index.html</filename>
			<filename>views/track/tmpl/table.php</filename>
			<filename>views/track/tmpl/view_tracks.php</filename>
			<filename>views/tracks/view.html.php</filename>
			<filename>views/tracks/tmpl/default.php</filename>
			<filename>views/tracks/tmpl/index.html</filename>
		</files>
	</administration>
</install>